<?xml version="1.0" encoding="UTF-8" standalone="yes"?>
<manifest>
  <control namespace="WordCounterPCF" constructor="WordCounterControl" version="0.0.2" display-name-key="WordCounterControl" description-key="WordCounterControl counts maximum length of a field restricted to." control-type="standard" api-version="1.3.4">
    <external-service-usage enabled="false"/>
    <property name="commentField" display-name-key="comment_Display_Key" description-key="comment_Desc_Key" of-type="SingleLine.Text" usage="bound" required="true"/>
    <property name="wordLimit" display-name-key="wordLimit_Display_Key" description-key="wordLimit_Desc_Key" of-type="Whole.None" usage="input" required="true" default-value="500"/>
    <resources>
      <code path="bundle.js" order="1"/>
    </resources>
    <built-by name="pac" version="1.21.8"/>
  </control>
</manifest>